id;doc_id;doc_title;tier;doc_group;category;tradition;section;content;embedding;chunk_index;doc_year;metadata;created_at;fts
742fa4f6-60b8-4b50-aea1-4f839f06a4b3;canones-2023;Cânones da Igreja Metodista 2023;1;A;doutrina;metodista;Art. 1 — Da Fé na Santa Trindade;"Há um só Deus vivo e verdadeiro, eterno, sem corpo nem partes; de poder, sabedoria e bondade infinitos; criador e conservador de todas as coisas visíveis e invisíveis. Na unidade dessa divindade, há três pessoas da mesma substância, poder e eternidade – Pai, Filho e Espírito Santo.";;0;2023;"{""ingested_at"":""2026-04-09T18:41:07.762Z"",""source"":""rag-2-optimized""}";2026-04-09 18:41:08.094167+00;'1':2A 'art':1A 'bondad':24B 'cois':32B 'conserv':28B 'corp':17B 'criador':26B 'dess':38B 'deus':11B 'divindad':39B 'espírit':52B 'etern':15B,48B 'filh':50B 'fé':4A 'infinit':25B 'invisív':35B 'mesm':44B 'pai':49B 'part':19B 'pesso':42B 'pod':21B,46B 'sabedor':22B 'sant':6A,53B 'substânc':45B 'tod':30B 'trindad':7A 'três':41B 'unidad':37B 'verdadeir':14B 'visív':33B 'viv':12B
60f8e285-40cb-43c6-8283-f4b513df2003;canones-2023;Cânones da Igreja Metodista 2023;1;A;doutrina;metodista;Art. 2 — Do Verbo ou Filho de Deus;O Filho, que é o Verbo do Pai, verdadeiro e eterno Deus, da mesma substância do Pai, tomou a natureza humana no ventre da bendita virgem, de maneira que duas naturezas inteiras e perfeitas, a saber, a divindade e a humanidade, se uniram em uma só pessoa para jamais se separar, a qual pessoa é Cristo, verdadeiro Deus e verdadeiro Homem, que realmente sofreu, foi crucificado, morto e sepultado, para nos reconciliar com Seu Pai e para ser um sacrifício não somente pelo pecado original, mas também pelos pecados de toda a humanidade.;;1;2023;"{""ingested_at"":""2026-04-09T18:41:08.176Z"",""source"":""rag-2-optimized""}";2026-04-09 18:41:08.263274+00;'2':2A 'art':1A 'bendit':33B 'crist':64B 'crucific':74B 'deus':8A,20B,66B 'divindad':46B 'duas':38B 'etern':19B 'filh':6A,10B 'hom':69B 'human':29B,49B,101B 'inteir':40B 'jam':57B 'maneir':36B 'mesm':22B 'mort':75B 'natur':28B,39B 'original':93B 'pai':16B,25B,83B 'pec':92B,97B 'perfeit':42B 'pesso':55B,62B 'realment':71B 'reconcili':80B 'sab':44B 'sacrifíci':88B 'separ':59B 'sepult':77B 'ser':86B 'sofr':72B 'soment':90B 'substânc':23B 'tod':99B 'tom':26B 'unir':51B 'ventr':31B 'verb':4A,14B 'verdadeir':17B,65B,68B 'virg':34B 'é':12B,63B
56448b8a-1e85-4d82-b441-2cddbd901031;canones-2023;Cânones da Igreja Metodista 2023;1;A;doutrina;metodista;Art. 3 — Da Ressurreição de Cristo;Cristo, na verdade, ressuscitou dentre os mortos, tomando outra vez o Seu corpo com todas as coisas necessárias a uma perfeita natureza humana, com as quais subiu ao Céu e lá está até que volte a julgar o ser humano, no último dia.;;2;2023;"{""ingested_at"":""2026-04-09T18:41:08.348Z"",""source"":""rag-2-optimized""}";2026-04-09 18:41:08.444456+00;'3':2A 'art':1A 'cois':23B 'corp':19B 'crist':6A,7B 'céu':35B 'dentr':11B 'dia':49B 'human':29B,46B 'julg':43B 'lá':37B 'mort':13B 'natur':28B 'necessár':24B 'outr':15B 'perfeit':27B 'qua':32B 'ressurreiçã':4A 'ressuscit':10B 'ser':45B 'sub':33B 'tod':21B 'tom':14B 'verdad':9B 'vez':16B 'volt':41B 'últim':48B
6ef2cf44-699f-4ec5-8c14-65fca6ae70e0;canones-2023;Cânones da Igreja Metodista 2023;1;A;doutrina;metodista;Art. 4 — Do Espírito Santo;O Espírito Santo, que procede do Pai e do Filho, é da mesma substância, majestade e glória com o Pai e com o Filho, verdadeiro e eterno Deus.;;3;2023;"{""ingested_at"":""2026-04-09T18:41:08.508Z"",""source"":""rag-2-optimized""}";2026-04-09 18:41:08.614298+00;'4':2A 'art':1A 'deus':33B 'espírit':4A,7B 'etern':32B 'filh':15B,29B 'glór':22B 'majestad':20B 'mesm':18B 'pai':12B,25B 'proced':10B 'sant':5A,8B 'substânc':19B 'verdadeir':30B 'é':16B
cf5459a0-4b8b-45dd-93e4-473bdb1d1778;canones-2023;Cânones da Igreja Metodista 2023;1;A;doutrina;metodista;Art. 5 — Da Suficiência das Santas Escrituras;As Santas Escrituras contêm tudo o que é necessário para a salvação, de maneira que o que nelas não se encontre nem por elas se possa provar não se deve exigir de pessoa alguma para ser crido como artigo de fé, nem se deve julgar necessário para a salvação. Entende-se por Santas Escrituras os livros canônicos do Antigo e do Novo Testamento, de cuja autoridade nunca se duvidou na Igreja.;;4;2023;"{""ingested_at"":""2026-04-09T18:41:08.769Z"",""source"":""rag-2-optimized""}";2026-04-09 18:41:08.858013+00;'5':2A 'algum':41B 'antig':67B 'art':1A 'artig':46B 'autor':74B 'canôn':65B 'contêm':11B 'crid':44B 'cuj':73B 'dev':37B,51B 'duvid':77B 'encontr':28B 'entend':58B 'entende-s':57B 'escritur':7A,10B,62B 'exig':38B 'fé':48B 'igrej':79B 'julg':52B 'livr':64B 'maneir':21B 'necessári':16B,53B 'nel':25B 'nov':70B 'nunc':75B 'pesso':40B 'poss':33B 'prov':34B 'salvaçã':19B,56B 'sant':6A,9B,61B 'ser':43B 'suficient':4A 'testament':71B 'tud':12B 'é':15B
21c0bbc8-4e9b-474d-81f9-1a0e2c0bc4ac;canones-2023;Cânones da Igreja Metodista 2023;1;A;doutrina;metodista;Art. 6 — Do Antigo Testamento;O Antigo Testamento não está em contradição com o Novo, pois, tanto no Antigo como no Novo Testamento, a vida eterna é oferecida à humanidade por Cristo, que é o único mediador entre Deus e o ser humano, sendo Ele mesmo Deus e Homem. Embora a lei dada por Deus a Moisés, quanto às cerimônias e ritos, não se aplique ao povo cristão, tampouco os seus preceitos civis devam ser necessariamente aceitos por qualquer governo, nenhuma pessoa cristã está isenta de obedecer aos mandamentos chamados morais.;;5;2023;"{""ingested_at"":""2026-04-09T18:41:08.943Z"",""source"":""rag-2-optimized""}";2026-04-09 18:41:09.030464+00;'6':2A 'aceit':77B 'antig':4A,7B,19B 'apliqu':65B 'art':1A 'cerimôn':60B 'cham':90B 'civ':73B 'contradiçã':12B 'crist':32B 'cristã':68B,83B 'dad':53B 'deus':39B,47B,55B 'dev':74B 'embor':50B 'etern':26B 'govern':80B 'hom':49B 'human':30B,43B 'isent':85B 'lei':52B 'mandament':89B 'mediador':37B 'moisés':57B 'mor':91B 'necessari':76B 'nenhum':81B 'nov':15B,22B 'obedec':87B 'oferec':28B 'pesso':82B 'pois':16B 'pov':67B 'preceit':72B 'qualqu':79B 'quant':58B 'rit':62B 'send':44B 'ser':42B,75B 'tampouc':69B 'tant':17B 'testament':5A,8B,23B 'vid':25B 'é':27B,34B 'únic':36B
7ece0582-cffd-4a39-a940-0443c24a4756;canones-2023;Cânones da Igreja Metodista 2023;1;A;doutrina;metodista;Art. 7 — Do Pecado Original;"O pecado original não está em imitar Adão, como erradamente dizem os Pelagianos, mas é a corrupção da natureza de toda a descendência de Adão, pela qual o ser humano está muito longe da retidão original e é de sua própria natureza inclinado ao mal, e isso continuamente. Na perspectiva wesleyana, difere da ""depravação total"" calvinista porque a graça preveniente capacita o ser humano a responder a Deus.";;6;2023;"{""ingested_at"":""2026-04-09T18:41:09.094Z"",""source"":""rag-2-optimized""}";2026-04-09 18:41:09.17839+00;'7':2A 'adã':13B,30B 'art':1A 'calvin':61B 'capacit':66B 'continu':53B 'corrupçã':22B 'deprav':59B 'descendent':28B 'deus':73B 'difer':57B 'diz':16B 'errad':15B 'grac':64B 'human':35B,69B 'imit':12B 'inclin':48B 'long':38B 'mal':50B 'natur':24B,47B 'original':5A,8B,41B 'pec':4A,7B 'pelagian':18B 'perspect':55B 'porqu':62B 'prevenient':65B 'própr':46B 'respond':71B 'retidã':40B 'ser':34B,68B 'tod':26B 'total':60B 'wesleyan':56B 'é':20B,43B
00927bda-1f68-42fc-bdd0-f0771ef93298;canones-2023;Cânones da Igreja Metodista 2023;1;A;doutrina;metodista;Art. 8 — Do Livre-Arbítrio;"A condição do ser humano, depois da queda de Adão, é tal que ele não pode converter-se e preparar-se, pelo seu próprio poder e obras, para a fé e invocação de Deus; portanto, não temos forças para fazer boas obras agradáveis e aceitáveis a Deus sem a Sua graça por Cristo, predispondo-nos para que tenhamos boa vontade e operando em nós quando temos essa boa vontade. Este artigo é a base da posição arminiana-wesleyana sobre livre-arbítrio: a graça preveniente capacita a resposta humana, rejeitando a predestinação incondicional calvinista.";;7;2023;"{""ingested_at"":""2026-04-09T18:41:09.239Z"",""source"":""rag-2-optimized""}";2026-04-09 18:41:09.325075+00;'8':2A 'aceit':53B 'adã':16B 'agrad':51B 'arbítri':6A,92B 'arminian':87B 'arminiana-wesleyan':86B 'art':1A 'artig':80B 'bas':83B 'boa':68B,77B 'boas':49B 'calvin':104B 'capacit':96B 'condiçã':8B 'convert':24B 'converter-s':23B 'crist':61B 'deus':42B,55B 'faz':48B 'forc':46B 'fé':38B 'grac':59B,94B 'human':11B,99B 'incondicional':103B 'invoc':40B 'livr':5A,91B 'livre-arbítri':4A,90B 'obras':35B,50B 'oper':71B 'pod':22B,33B 'portant':43B 'posiçã':85B 'predestin':102B 'predispond':63B 'predispondo-n':62B 'prepar':28B 'preparar-s':27B 'prevenient':95B 'própri':32B 'qued':14B 'rejeit':100B 'respost':98B 'ser':10B 'sobr':89B 'tal':18B 'vontad':69B,78B 'wesleyan':88B 'é':17B,81B
96a48858-bfeb-4ad5-b623-d0c621334ed3;canones-2023;Cânones da Igreja Metodista 2023;1;A;doutrina;metodista;Art. 9 — Da Justificação do Ser Humano;"Somos reputados como pessoas justas perante Deus somente pelos merecimentos de nosso Senhor e Salvador Jesus Cristo, por fé, e não por obras ou merecimentos nossos; portanto, a doutrina de que somos justificados e justificadas somente pela fé é mui sã e cheia de conforto.";;8;2023;"{""ingested_at"":""2026-04-09T18:41:09.427Z"",""source"":""rag-2-optimized""}";2026-04-09 18:41:09.514576+00;'9':2A 'art':1A 'che':50B 'confort':52B 'crist':24B 'deus':14B 'doutrin':36B 'fé':26B,45B 'human':7A 'jesus':23B 'just':12B 'justific':4A,40B,42B 'merec':17B,32B 'mui':47B 'obras':30B 'perant':13B 'pesso':11B 'portant':34B 'reput':9B 'salvador':22B 'senhor':20B 'ser':6A 'soment':15B,43B 'sã':48B 'é':46B
0741a312-a46f-4c41-a95e-e9b19fab7e6f;canones-2023;Cânones da Igreja Metodista 2023;1;A;doutrina;metodista;Art. 10 — Das Boas Obras;Posto que as boas obras, que são o fruto da fé e seguem a justificação, não podem tirar os nossos pecados nem suportar a severidade do juízo de Deus, contudo são agradáveis e aceitáveis a Deus em Cristo e nascem de uma viva e verdadeira fé, tanto assim que uma fé viva é por elas conhecida como a árvore o é pelos seus frutos.;;9;2023;"{""ingested_at"":""2026-04-09T18:41:09.577Z"",""source"":""rag-2-optimized""}";2026-04-09 18:41:09.658272+00;'10':2A 'aceit':39B 'agrad':37B 'art':1A 'assim':53B 'boas':4A,9B 'conhec':61B 'contud':35B 'crist':43B 'deus':34B,41B 'frut':14B,69B 'fé':16B,51B,56B 'justific':20B 'juíz':32B 'nasc':45B 'obras':5A,10B 'pec':26B 'pod':22B 'post':6B 'segu':18B 'sever':30B 'suport':28B 'tant':52B 'tir':23B 'verdadeir':50B 'viv':48B,57B 'árvor':64B 'é':58B,66B
a229e74e-6cb7-4ad9-a109-238de80f142d;canones-2023;Cânones da Igreja Metodista 2023;1;A;doutrina;metodista;Art. 11 — Das Obras de Super-rogação;"As obras voluntárias que não se achem compreendidas nos mandamentos de Deus, as quais se chamam obras de super-rogação, não se podem ensinar sem arrogância e impiedade; pois, por elas, declaram os seres humanos que não só rendem a Deus tudo quanto lhe é devido, mas também de sua parte fazem ainda mais do que devem.";;10;2023;"{""ingested_at"":""2026-04-09T18:41:09.719Z"",""source"":""rag-2-optimized""}";2026-04-09 18:41:09.793384+00;'11':2A 'achem':15B 'aind':62B 'arrog':35B 'art':1A 'cham':24B 'compreend':16B 'decl':41B 'deus':20B,50B 'dev':55B,66B 'ensin':33B 'faz':61B 'human':44B 'impiedad':37B 'mandament':18B 'obras':4A,10B,25B 'part':60B 'pod':32B 'pois':38B 'qua':22B 'quant':52B 'rend':48B 'rogaçã':8A,29B 'ser':43B 'sup':7A,28B 'super-rog':6A,27B 'tud':51B 'voluntár':11B 'é':54B
d7feb487-4a4f-4930-bce1-e46f4ebd6013;canones-2023;Cânones da Igreja Metodista 2023;1;A;doutrina;metodista;Art. 12 — Do Pecado Depois da Justificação;"Nem todo pecado voluntariamente cometido depois da justificação é pecado contra o Espírito Santo e imperdoável; logo, não se deve negar a possibilidade de arrependimento às pessoas que caem em pecado depois da justificação. Depois de termos recebido o Espírito Santo, é possível apartar-nos da graça recebida e cair em pecado, e pela graça de Deus levantar-nos de novo e emendar nossa vida. Devem, portanto, ser condenadas as pessoas que digam que não podem mais pecar enquanto aqui vivem ou que neguem a possibilidade de perdão a quem verdadeiramente se arrepende. Este artigo rejeita a doutrina da ""perseverança dos santos"" (uma vez salvo, sempre salvo).";;11;2023;"{""ingested_at"":""2026-04-09T18:41:09.890Z"",""source"":""rag-2-optimized""}";2026-04-09 18:41:09.978516+00;'12':2A 'apart':52B 'apartar-n':51B 'aqu':89B 'arrepend':32B,102B 'art':1A 'artig':104B 'caem':36B 'cair':58B 'comet':12B 'conden':78B 'contr':18B 'deus':65B 'dev':27B,75B 'dig':82B 'doutrin':107B 'emend':72B 'enquant':88B 'espírit':20B,47B 'grac':55B,63B 'imperdo':23B 'justific':7A,15B,41B 'levant':67B 'levantar-n':66B 'log':24B 'neg':28B 'negu':93B 'nov':70B 'pec':4A,10B,17B,38B,60B,87B 'perdã':97B 'perseveranc':109B 'pesso':34B,80B 'pod':85B 'portant':76B 'possibil':30B,95B 'possível':50B 'receb':45B,56B 'rejeit':105B 'salv':114B,116B 'sant':21B,48B,111B 'sempr':115B 'ser':77B 'term':44B 'tod':9B 'verdadeir':100B 'vez':113B 'vid':74B 'viv':90B 'voluntari':11B 'é':16B,49B
7bc24839-801b-4679-9e49-488096ba85d0;canones-2023;Cânones da Igreja Metodista 2023;1;A;doutrina;metodista;Art. 13 — Da Igreja;A Igreja visível de Cristo é uma congregação de fiéis na qual se prega a pura Palavra de Deus e se ministram devidamente os sacramentos, com todas as coisas a eles necessárias, conforme a instituição de Cristo.;;12;2023;"{""ingested_at"":""2026-04-09T18:41:10.039Z"",""source"":""rag-2-optimized""}";2026-04-09 18:41:10.12432+00;'13':2A 'art':1A 'cois':33B 'conform':37B 'congreg':12B 'crist':9B,41B 'deus':23B 'devid':27B 'fié':14B 'igrej':4A,6B 'instituiçã':39B 'ministr':26B 'necessár':36B 'palavr':21B 'preg':18B 'pur':20B 'sacrament':29B 'tod':31B 'visível':7B 'é':10B
9df12c35-db91-4a84-8d1e-79b106bc26c5;canones-2023;Cânones da Igreja Metodista 2023;1;A;sacramento;metodista;Art. 19 — De Ambas as Espécies;O cálice do Senhor não se deve negar aos leigos e leigas, porque ambas as espécies da Ceia do Senhor, por instituição e mandamento de Cristo, devem ser ministradas a todas as pessoas cristãs igualmente.;;18;2023;"{""ingested_at"":""2026-04-09T18:41:10.950Z"",""source"":""rag-2-optimized""}";2026-04-09 18:41:11.035354+00;'19':2A 'ambas':4A,20B 'art':1A 'cei':24B 'crist':32B 'cristãs':40B 'cálic':8B 'dev':13B,33B 'espéc':6A,22B 'igual':41B 'instituiçã':28B 'leig':16B,18B 'mandament':30B 'ministr':35B 'neg':14B 'pesso':39B 'porqu':19B 'senhor':10B,26B 'ser':34B 'tod':37B
12c9703d-f96e-4c26-98c4-0ca0cbf1d0d9;canones-2023;Cânones da Igreja Metodista 2023;1;A;social;metodista;Cap. III — Credo Social: Bases Bíblicas;Cremos em Deus, Criador de todas as coisas e Pai de toda a família humana. Cremos em Jesus Cristo, que se fez homem, amigo e redentor dos pecadores, Senhor e Servo de todos. Cremos no Espírito Santo, que conduz à Verdade. Cremos no Reino de Deus e sua Justiça, que envolve toda a criação. Cremos que o Evangelho é o poder de Deus que liberta completamente todas as pessoas. Cremos que a comunidade cristã é serva do Senhor. Cremos que são bem-aventurados os humildes, os que sofrem, os mansos, os que têm fome e sede de justiça, os que praticam a misericórdia, os simples de coração, os que trabalham pela paz. Cremos que a Lei e os Profetas se cumprem em amar a Deus e ao próximo. Cremos que ao Senhor pertence a terra e a sua plenitude.;;24;2023;"{""ingested_at"":""2026-04-09T18:41:12.011Z"",""source"":""rag-2-optimized""}";2026-04-09 18:41:12.103746+00;'amar':130B 'amig':30B 'aventur':90B 'bas':5A 'bem':89B 'bem-aventur':88B 'bíblic':6A 'cap':1A 'cois':14B 'complet':72B 'comun':79B 'conduz':45B 'coraçã':114B 'cred':3A 'crem':7B,22B,40B,48B,61B,76B,85B,120B,136B 'criador':10B 'criaçã':60B 'crist':25B 'cristã':80B 'cumpr':128B 'deus':9B,52B,69B,132B 'envolv':57B 'espírit':42B 'evangelh':64B 'famíl':20B 'fez':28B 'fom':101B 'hom':29B 'human':21B 'humild':92B 'iii':2A 'jesus':24B 'justic':55B,105B 'lei':123B 'libert':71B 'mans':97B 'misericórd':110B 'pai':16B 'paz':119B 'pecador':34B 'pertenc':140B 'pesso':75B 'plenitud':146B 'pod':67B 'pratic':108B 'profet':126B 'próxim':135B 'redentor':32B 'rein':50B 'sant':43B 'sed':103B 'senhor':35B,84B,139B 'serv':37B,82B 'simpl':112B 'social':4A 'sofr':95B 'terr':142B 'tod':12B,18B,39B,58B,73B 'trabalh':117B 'têm':100B 'verdad':47B 'é':65B,81B
902a5ebb-7513-4783-a9cb-23cd59ec0bc5;wesleyan-synthesis;Síntese Teológica Wesleyana;1;A;doutrina;metodista;Graça Justificadora;Perdão dos pecados e novo relacionamento com Deus, recebido pela fé. Não por obras (Art. 9 dos Artigos de Religião). A fé é resposta humana à graça, não mérito. Justificação é ato declaratório de Deus baseado nos méritos de Cristo.;;30;;"{""ingested_at"":""2026-04-09T18:41:13.029Z"",""source"":""rag-2-optimized""}";2026-04-09 18:41:13.111386+00;'9':18B 'art':17B 'artig':20B 'ato':34B 'bas':38B 'crist':42B 'declaratóri':35B 'deus':10B,37B 'fé':13B,24B 'grac':1A,29B 'human':27B 'justific':2A,32B 'mérit':31B,40B 'nov':7B 'obras':16B 'pec':5B 'perdã':3B 'receb':11B 'relacion':8B 'religiã':22B 'respost':26B 'é':25B,33B
0cc43a49-775e-40e8-be0f-b0b77767b626;carta-sacramentos-2001;Carta Pastoral sobre os Sacramentos (2001);2;A;sacramento;metodista;Batismo — Posição Oficial Metodista;Sacramento (não ordenança) — sinal e selo da graça preveniente. Batismo infantil afirmado e praticado — pais e igreja se comprometem a criar a criança na fé. Todas as três formas são igualmente válidas: imersão, aspersão, derramamento. Re-batismo rejeitado — o batismo é irrepetível. Wesley praticou batismo infantil durante toda a sua vida. Posição oficial do Colégio Episcopal, Carta Pastoral 2001.;;36;2001;"{""ingested_at"":""2026-04-09T18:41:14.012Z"",""source"":""rag-2-optimized""}";2026-04-09 18:41:14.092997+00;'2001':64B 'afirm':16B 'aspersã':38B 'batism':1A,14B,42B,45B,50B 'cart':62B 'colégi':60B 'compromet':23B 'cri':25B 'crianc':27B 'derram':39B 'durant':52B 'episcopal':61B 'form':33B 'fé':29B 'grac':12B 'igrej':21B 'igual':35B 'imersã':37B 'infantil':15B,51B 'irrepet':47B 'metod':4A 'oficial':3A,58B 'ordenanc':7B 'pais':19B 'pastoral':63B 'posiçã':2A,57B 'pratic':18B,49B 'prevenient':13B 're':41B 're-bat':40B 'rejeit':43B 'sacrament':5B 'sel':10B 'sinal':8B 'tod':30B,53B 'três':32B 'vid':56B 'vál':36B 'wesley':48B 'é':46B
b5908e68-5897-4e2f-8cec-da0d1bb10fae;calendario-liturgico;Calendário Litúrgico Metodista;3;B;liturgia;metodista;Ano Litúrgico Metodista — Estrutura;Ciclo do Natal: Advento (roxo) → Natal (branco) → Epifania → Batismo do Senhor. Tempo Comum 1ª parte (verde): Anúncio do Reino. Ciclo da Páscoa: Quaresma (roxo) → Semana Santa → Páscoa (branco) → Ascensão → Pentecostes (vermelho) → Trindade. Tempo Comum 2ª parte (verde): Vivência do Reino. Cristo Rei (branco): último domingo do ano litúrgico. Lecionário trienal: Ano A (Mateus), B (Marcos), C (Lucas). Cada domingo: 1ª Leitura (AT), Salmo, Epístola, Evangelho.;;42;;"{""ingested_at"":""2026-04-09T18:41:14.989Z"",""source"":""rag-2-optimized""}";2026-04-09 18:41:15.075806+00;'1ª':18B,64B '2ª':39B 'advent':8B 'ano':1A,51B,55B 'anúnci':21B 'ascensã':33B 'at':66B 'b':58B 'batism':13B 'branc':11B,32B,47B 'c':60B 'cad':62B 'cicl':5B,24B 'comum':17B,38B 'crist':45B 'doming':49B,63B 'epifan':12B 'epístol':68B 'estrutur':4A 'evangelh':69B 'lecionári':53B 'leitur':65B 'litúrg':2A,52B 'luc':61B 'marc':59B 'mateus':57B 'metod':3A 'natal':7B,10B 'part':19B,40B 'pentecost':34B 'pásco':26B,31B 'quaresm':27B 'rei':46B 'rein':23B,44B 'rox':9B,28B 'salm':67B 'sant':30B 'seman':29B 'senhor':15B 'temp':16B,37B 'trienal':54B 'trindad':36B 'verd':20B,41B 'vermelh':35B 'vivênc':42B 'últim':48B
f10b84ee-e09e-402f-a185-94dc69228d62;canones-2023;Cânones da Igreja Metodista 2023;1;A;doutrina;metodista;Art. 14 — Do Purgatório;A doutrina romana do purgatório, das indulgências, veneração e adoração, tanto de imagens como de relíquias, bem como a invocação dos santos, é uma invenção fútil, sem base em nenhum testemunho das Escrituras e até repugnante à Palavra de Deus.;;13;2023;"{""ingested_at"":""2026-04-09T18:41:10.188Z"",""source"":""rag-2-optimized""}";2026-04-09 18:41:10.263718+00;'14':2A 'ador':14B 'art':1A 'bas':32B 'bem':21B 'deus':44B 'doutrin':6B 'escritur':37B 'fútil':30B 'imagens':17B 'indulgent':11B 'invençã':29B 'invoc':24B 'nenhum':34B 'palavr':42B 'purgatóri':4A,9B 'relíqu':20B 'repugn':40B 'roman':7B 'sant':26B 'tant':15B 'testemunh':35B 'vener':12B 'é':27B
d55f6f55-e385-4b7b-8fdd-26d44443e688;canones-2023;Cânones da Igreja Metodista 2023;1;A;doutrina;metodista;Art. 20 — Da Oblação Única de Cristo;A oblação de Cristo, feita uma só vez, é a perfeita redenção, propiciação e satisfação por todos os pecados de todo o mundo, tanto o original como os atuais, e não há nenhuma outra satisfação pelo pecado senão essa.;;19;2023;"{""ingested_at"":""2026-04-09T18:41:11.096Z"",""source"":""rag-2-optimized""}";2026-04-09 18:41:11.191913+00;'20':2A 'art':1A 'atu':36B 'crist':7A,11B 'feit':12B 'mund':30B 'nenhum':40B 'oblaçã':4A,9B 'original':33B 'outr':41B 'pec':26B,44B 'perfeit':18B 'propic':20B 'redençã':19B 'satisf':22B,42B 'senã':45B 'tant':31B 'tod':24B,28B 'vez':15B 'é':16B 'únic':5A
8f7ba71f-e7c2-4f4f-abcd-4a7d0f841b3e;canones-2023;Cânones da Igreja Metodista 2023;1;A;social;metodista;Cap. III — Credo Social: Ordem Político-Social e Econômica;"A natureza social do ser humano procede da ordem da criação. O Estado é exigência básica para defesa da vida, liberdade e promoção do bem-comum. Os quesitos do bem-estar social (saúde, segurança, educação) são direitos garantidos a todo cidadão. O ser humano deve administrar a terra segundo os critérios de Deus. A participação em políticas públicas justas é caminho para transformação social. Deus criou os povos para constituir uma família universal; Seu amor reconciliador destrói toda forma de discriminação. A reconciliação em Cristo é fonte da justiça, da paz e da liberdade entre as nações.";;25;2023;"{""ingested_at"":""2026-04-09T18:41:12.165Z"",""source"":""rag-2-optimized""}";2026-04-09 18:41:12.246815+00;'administr':58B 'amor':87B 'bem':36B,42B 'bem-comum':35B 'bem-est':41B 'básic':26B 'caminh':73B 'cap':1A 'cidadã':53B 'comum':37B 'constitu':82B 'cred':3A 'cri':78B 'criaçã':21B 'crist':97B 'critéri':63B 'defes':28B 'destró':89B 'deus':65B,77B 'dev':57B 'direit':49B 'discrimin':93B 'econôm':10A 'educ':47B 'estad':23B 'estar':43B 'exigent':25B 'famíl':84B 'font':99B 'form':91B 'garant':50B 'human':16B,56B 'iii':2A 'just':71B 'justic':101B 'liberdad':31B,106B 'natur':12B 'naçõ':109B 'ordem':5A,19B 'particip':67B 'paz':103B 'polít':7A,69B 'político-social':6A 'pov':80B 'proced':17B 'promoçã':33B 'públic':70B 'quesit':39B 'reconcili':88B,95B 'saúd':45B 'segund':61B 'seguranc':46B 'ser':15B,55B 'social':4A,8A,13B,44B,76B 'terr':60B 'tod':52B,90B 'transform':75B 'universal':85B 'vid':30B 'é':24B,72B,98B
1b87edcc-78d3-436c-8b01-e431538f64d9;wesleyan-synthesis;Síntese Teológica Wesleyana;1;A;doutrina;metodista;Graça Santificadora e Perfeição Cristã;Transformação contínua em direção à santidade. Processo de toda a vida cristã, não evento único. A perfeição cristã (inteira santificação) é a meta da vida cristã — amor perfeito a Deus e ao próximo. NÃO significa ausência de pecado, mas maturidade no amor. Wesley insistia que é uma possibilidade real pela graça.;;31;;"{""ingested_at"":""2026-04-09T18:41:13.221Z"",""source"":""rag-2-optimized""}";2026-04-09 18:41:13.316288+00;'amor':32B,47B 'ausênc':41B 'contínu':7B 'cristã':5A,17B,23B,31B 'deus':35B 'direçã':9B 'event':19B 'grac':1A,56B 'insist':49B 'inteir':24B 'matur':45B 'met':28B 'pec':43B 'perfeit':33B 'perfeiçã':4A,22B 'possibil':53B 'process':12B 'próxim':38B 'real':54B 'santidad':11B 'santific':2A,25B 'signif':40B 'tod':14B 'transform':6B 'vid':16B,30B 'wesley':48B 'é':26B,51B 'únic':20B
dfd3028a-5645-4669-b15a-66eecbc839ca;carta-sacramentos-2001;Carta Pastoral sobre os Sacramentos (2001);2;A;sacramento;metodista;Santa Ceia — Posição Oficial Metodista;Mesa aberta — todos os cristãos batizados são bem-vindos. Presença espiritual real de Cristo — nem transubstanciação (católica), nem mero memorial (zwingliana). É mistério. Ênfase na refeição comunitária e solidariedade, não apenas devoção individual. Wesley recomendava comunhão frequente como meio de graça. Ambos os elementos (pão e vinho/suco) para todos os comungantes (Art. 19). Posição oficial do Colégio Episcopal, Carta Pastoral 2001.;;37;2001;"{""ingested_at"":""2026-04-09T18:41:14.173Z"",""source"":""rag-2-optimized""}";2026-04-09 18:41:14.268579+00;'19':59B '2001':67B 'abert':7B 'ambos':48B 'apen':37B 'art':58B 'batiz':11B 'bem':14B 'bem-vind':13B 'cart':65B 'catól':23B 'cei':2A 'colégi':63B 'comung':57B 'comunhã':42B 'comunitár':33B 'crist':20B 'cristã':10B 'devoçã':38B 'element':50B 'episcopal':64B 'espiritual':17B 'frequent':43B 'grac':47B 'individual':39B 'mei':45B 'memorial':26B 'mer':25B 'mes':6B 'metod':5A 'mistéri':29B 'oficial':4A,61B 'pastoral':66B 'posiçã':3A,60B 'presenc':16B 'pã':51B 'real':18B 'recomend':41B 'refeiçã':32B 'sant':1A 'solidariedad':35B 'tod':8B,55B 'transubstanc':22B 'vind':15B 'vinho/suco':53B 'wesley':40B 'zwinglian':27B 'é':28B 'ênfas':30B
06515f56-ae8a-4489-9b7f-3e1996055079;calendario-liturgico;Calendário Litúrgico Metodista;3;B;liturgia;metodista;Datas Institucionais Metodistas;Confederação de Mulheres Metodistas (março). Mês da Juventude (março). Mês do Discipulado (junho). Mudanças pastorais (janeiro). Estas são datas do calendário institucional da Igreja Metodista no Brasil, que complementam o ano litúrgico.;;43;;"{""ingested_at"":""2026-04-09T18:41:15.156Z"",""source"":""rag-2-optimized""}";2026-04-09 18:41:15.240408+00;'ano':34B 'brasil':30B 'calendári':24B 'complement':32B 'confeder':4B 'dat':1A,22B 'discipul':15B 'igrej':27B 'institucion':2A 'institucional':25B 'janeir':19B 'junh':16B 'juventud':11B 'litúrg':35B 'marc':8B,12B 'metod':3A,7B,28B 'mudanc':17B 'mulh':6B 'mês':9B,13B 'pastor':18B
c3e61c9b-f462-4613-a576-ee631501d034;canones-2023;Cânones da Igreja Metodista 2023;1;A;doutrina;metodista;Art. 15 — Do Falar em Língua Desconhecida;É claramente contrário à Palavra de Deus e ao costume da Igreja Primitiva celebrar o culto público na igreja ou ministrar os sacramentos em língua que o povo não entenda.;;14;2023;"{""ingested_at"":""2026-04-09T18:41:10.342Z"",""source"":""rag-2-optimized""}";2026-04-09 18:41:10.415581+00;'15':2A 'art':1A 'celebr':21B 'clar':9B 'contrári':10B 'costum':17B 'cult':23B 'desconhec':7A 'deus':14B 'entend':37B 'fal':4A 'igrej':19B,26B 'língu':6A,32B 'ministr':28B 'palavr':12B 'pov':35B 'primit':20B 'públic':24B 'sacrament':30B 'é':8B
be0850b6-5770-4f9b-9d56-51c95341bbc2;canones-2023;Cânones da Igreja Metodista 2023;1;A;doutrina;metodista;Art. 21-25 — Casamento de Ministros, Ritos, Deveres Civis, Bens, Juramento;Art. 21: Ministros e ministras não são obrigados ao celibato — podem casar-se. Art. 22: Ritos e cerimônias podem variar conforme diversidade de países e costumes, contanto que nada contrarie a Palavra de Deus. Art. 23: É dever dos cristãos sujeitar-se à autoridade civil e portar-se como cidadãos moderados e pacíficos. Art. 24: As riquezas dos cristãos não são comuns quanto ao direito, mas cada um deve dar liberalmente às pessoas pobres. Art. 25: O juramento é permitido quando um magistrado o requer, contanto que se faça em justiça, juízo e verdade.;;20;2023;"{""ingested_at"":""2026-04-09T18:41:11.329Z"",""source"":""rag-2-optimized""}";2026-04-09 18:41:11.46257+00;'-25':3A '21':2A,13B '22':27B '23':48B '24':69B '25':90B 'art':1A,12B,26B,47B,68B,89B 'autor':57B 'bens':10A 'cad':81B 'cas':24B 'casament':4A 'casar-s':23B 'celibat':21B 'cerimôn':30B 'cidadã':64B 'civ':9A 'civil':58B 'comuns':76B 'conform':33B 'contant':39B,100B 'contrari':42B 'costum':38B 'cristã':52B,73B 'dar':84B 'deus':46B 'dev':8A,50B,83B 'direit':79B 'divers':34B 'fac':103B 'jurament':11A,92B 'justic':105B 'juíz':106B 'liberal':85B 'magistr':97B 'ministr':6A,14B,16B 'moder':65B 'nad':41B 'obrig':19B 'pacíf':67B 'palavr':44B 'país':36B 'permit':94B 'pesso':87B 'pobr':88B 'pod':22B,31B 'port':61B 'portar-s':60B 'quant':77B 'requ':99B 'riquez':71B 'rit':7A,28B 'sujeit':54B 'sujeitar-s':53B 'vari':32B 'verdad':108B 'é':49B,93B
ff3c196c-4415-431c-8eb3-131b1ce6dcc2;canones-2023;Cânones da Igreja Metodista 2023;1;A;identidade;metodista;Constituição — Proclamação de Autonomia (1930);A Igreja Metodista no Brasil foi constituída como igreja autônoma em 2 de setembro de 1930, tendo sido organizada a partir das três conferências anuais da Igreja Metodista Episcopal do Sul nos Estados Unidos. A autonomia foi proclamada na cidade de São Paulo, com o direito de organizar seus próprios concílios, eleger seus bispos e administrar seus assuntos.;;26;2023;"{""ingested_at"":""2026-04-09T18:41:12.326Z"",""source"":""rag-2-optimized""}";2026-04-09 18:41:12.408364+00;'1930':5A,21B '2':17B 'administr':61B 'anu':30B 'assunt':63B 'autonom':4A,41B 'autônom':15B 'bisp':59B 'brasil':10B 'cidad':45B 'concíli':56B 'conferent':29B 'constituiçã':1A 'constituíd':12B 'direit':51B 'eleg':57B 'episcopal':34B 'estad':38B 'igrej':7B,14B,32B 'metod':8B,33B 'organiz':24B,53B 'part':26B 'paul':48B 'proclam':2A,43B 'própri':55B 'setembr':19B 'sid':23B 'sul':36B 'tend':22B 'três':28B 'unid':39B
f7afd65b-ef34-49bb-bf2b-7a4b36d1e2a3;wesleyan-synthesis;Síntese Teológica Wesleyana;1;A;doutrina;metodista;Santidade Social;"Santidade pessoal é inseparável do engajamento social. ""Não há santidade que não seja santidade social"" (Wesley). Evangelização e transformação social andam juntas (missão integral). Este é um dos distintivos mais marcantes do metodismo wesleyano.";;32;;"{""ingested_at"":""2026-04-09T18:41:13.395Z"",""source"":""rag-2-optimized""}";2026-04-09 18:41:13.481702+00;'andam':23B 'distint':31B 'engaj':8B 'evangeliz':19B 'insepar':6B 'integral':26B 'junt':24B 'marcant':33B 'metod':35B 'missã':25B 'pessoal':4B 'santidad':1A,3B,12B,16B 'social':2A,9B,17B,22B 'transform':21B 'wesley':18B 'wesleyan':36B 'é':5B,28B
26ed1b3b-9091-4748-a35b-fac235f94508;codigo-etica;Código de Ética Pastoral;2;A;etica;metodista;Código de Ética Pastoral — Princípios;Art. 1g: Cumprir Cânones e decisões conciliares. Art. 7: Educação contínua é dever. Art. 12: Respeitar trabalho do antecessor ao assumir nova igreja. Art. 14: Sigilo das conversas pastorais — confidencialidade pastoral é obrigatória. Art. 17: Transparência e responsabilidade financeira. O Código de Ética orienta a conduta pastoral e as relações do pastor com a denominação, colegas, igreja local, comunidade e família. Documento do Colégio Episcopal.;;38;;"{""ingested_at"":""2026-04-09T18:41:14.328Z"",""source"":""rag-2-optimized""}";2026-04-09 18:41:14.404667+00;'12':20B '14':30B '17':40B '1g':7B '7':14B 'antecessor':24B 'art':6B,13B,19B,29B,39B 'assum':26B 'coleg':61B 'colégi':69B 'comun':64B 'concili':12B 'condut':51B 'confidencial':35B 'contínu':16B 'convers':33B 'cumpr':8B 'cânon':9B 'códig':1A,46B 'decisõ':11B 'denomin':60B 'dev':18B 'document':67B 'educ':15B 'episcopal':70B 'famíl':66B 'financeir':44B 'igrej':28B,62B 'local':63B 'nov':27B 'obrigatór':38B 'orient':49B 'pastor':34B,57B 'pastoral':4A,36B,52B 'princípi':5A 'relaçõ':55B 'respeit':21B 'respons':43B 'sigil':31B 'trabalh':22B 'transparent':41B 'é':17B,37B 'étic':3A,48B
95dddab8-dd3f-432c-be86-d8dc879f7210;planejamento-2026;Planejamento Estratégico Regional 2025-2026;4;B;planejamento;metodista;Ênfases Missionárias 2023-2027;"Tema Geral: ""Igreja: Comunidade Missionária a Serviço do Povo — Espalhando a Santidade Bíblica"". 2025: ""Evangelho Puro e Simples"". 2026: ""Venha o Teu Reino"". 10 Ênfases Missionárias: 1. Ampliar prática missionária. 2. Desenvolver cultura de discípulo/discipulador (discipulado como prática wesleyana). 3. Fortalecer identidade doutrinária e eclesial. 4. Revitalizar comunhão no Corpo de Cristo. 5. Enfrentar racismo e preconceito. 6. Cuidar da criação. 7. Cuidar de crianças e adolescentes. 8. Cultivar lealdade às Escrituras e doutrinas wesleyanas. 9. Ampliar plantio e revitalização de igrejas. 10. Equilibrar tecnologia digital e relacionamentos interpessoais. 6ª Região Eclesiástica (Paraná/Santa Catarina).";;44;2026;"{""ingested_at"":""2026-04-09T18:41:15.319Z"",""source"":""rag-2-optimized""}";2026-04-09 18:41:15.407962+00;'-2027':4A '/discipulador':40B '/santa':99B '1':31B '10':28B,88B '2':35B '2023':3A '2025':18B '2026':23B '3':45B '4':51B '5':58B '6':63B '6ª':95B '7':67B '8':73B '9':81B 'adolescent':72B 'ampli':32B,82B 'bíblic':17B 'catarin':100B 'comun':8B 'comunhã':53B 'corp':55B 'crianc':70B 'criaçã':66B 'crist':57B 'cuid':64B,68B 'cultiv':74B 'cultur':37B 'desenvolv':36B 'digital':91B 'discipul':41B 'discípul':39B 'doutrin':79B 'doutrinár':48B 'eclesial':50B 'eclesiást':97B 'enfrent':59B 'equilibr':89B 'escritur':77B 'espalh':14B 'evangelh':19B 'fortalec':46B 'geral':6B 'ident':47B 'igrej':7B,87B 'interpesso':94B 'lealdad':75B 'missionár':2A,9B,30B,34B 'paran':98B 'planti':83B 'pov':13B 'preconceit':62B 'prátic':33B,43B 'pur':20B 'racism':60B 'regiã':96B 'rein':27B 'relacion':93B 'revitaliz':52B,85B 'santidad':16B 'servic':11B 'simpl':22B 'tecnolog':90B 'tem':5B 'venh':24B 'wesleyan':44B,80B 'ênfas':1A,29B
91b1b5a9-ec0d-4f0f-bc96-8bc1beb38d12;canones-2023;Cânones da Igreja Metodista 2023;1;A;sacramento;metodista;Art. 16 — Dos Sacramentos;"Os sacramentos instituídos por Cristo não são somente distintivos da profissão de fé das pessoas cristãs; são, também, sinais certos da graça e boa vontade de Deus para conosco, pelos quais Ele, invisivelmente, opera em nós, e não só desperta como fortalece e confirma a nossa fé n'Ele. Dois somente são os sacramentos instituídos por Cristo, nosso Senhor, no Evangelho, a saber: o batismo e a Ceia do Senhor. Os outros cinco, vulgarmente chamados sacramentos (confirmação, penitência, ordem, matrimônio, extrema unção) não devem ser considerados sacramentos do Evangelho.";;15;2023;"{""ingested_at"":""2026-04-09T18:41:10.496Z"",""source"":""rag-2-optimized""}";2026-04-09 18:41:10.573491+00;'16':2A 'art':1A 'batism':69B 'boa':28B 'cei':72B 'cert':24B 'cham':79B 'cinc':77B 'confirm':48B,81B 'conosc':33B 'consider':90B 'crist':9B,61B 'cristãs':20B 'despert':44B 'deus':31B 'dev':88B 'distint':13B 'dois':54B 'evangelh':65B,93B 'extrem':85B 'fortalec':46B 'fé':17B,51B 'grac':26B 'instituíd':7B,59B 'invisivel':37B 'matrimôni':84B 'n':52B 'oper':38B 'ordem':83B 'outr':76B 'penitent':82B 'pesso':19B 'profissã':15B 'qua':35B 'sab':67B 'sacrament':4A,6B,58B,80B,91B 'senhor':63B,74B 'ser':89B 'sin':23B 'soment':12B,55B 'unçã':86B 'vontad':29B 'vulgar':78B
2928b6c4-c1d0-473e-bec2-e92668ac78d9;canones-2023;Cânones da Igreja Metodista 2023;1;A;doutrina;metodista;Credo Apostólico (aceito pela Igreja Metodista);"Creio em Deus Pai, Todo-Poderoso, criador do céu e da terra, e em Jesus Cristo, Seu unigênito filho, nosso Senhor, o qual foi concebido por obra do Espírito Santo, nasceu da virgem Maria, padeceu sob o poder de Pôncio Pilatos, foi crucificado, morto e sepultado; ao terceiro dia, ressurgiu dos mortos, subiu ao Céu e está à direita de Deus Pai, Todo-Poderoso, de onde há de vir para julgar os vivos e os mortos. Creio no Espírito Santo, na Santa Igreja de Cristo, na comunhão dos santos, na remissão dos pecados, na ressurreição do corpo e na vida eterna. Amém.";;21;2023;"{""ingested_at"":""2026-04-09T18:41:11.522Z"",""source"":""rag-2-optimized""}";2026-04-09 18:41:11.624268+00;'aceit':3A 'amém':110B 'apostól':2A 'comunhã':95B 'conceb':32B 'corp':105B 'cred':1A 'crei':7B,85B 'criador':14B 'crist':23B,93B 'crucific':50B 'céu':16B,62B 'deus':9B,68B 'dia':56B 'direit':66B 'espírit':36B,87B 'etern':109B 'filh':26B 'igrej':5A,91B 'jesus':22B 'julg':79B 'mar':41B 'metod':6A 'mort':51B,59B,84B 'nasc':38B 'obra':34B 'onde':74B 'padec':42B 'pai':10B,69B 'pec':101B 'pilat':48B 'pod':45B 'poder':13B,72B 'pônci':47B 'remissã':99B 'ressurg':57B 'ressurreiçã':103B 'sant':37B,88B,90B,97B 'senhor':28B 'sepult':53B 'sob':43B 'sub':60B 'terceir':55B 'terr':19B 'tod':12B,71B 'todo-poder':11B,70B 'unigênit':25B 'vid':108B 'vir':77B 'virg':40B 'viv':81B
a18cdbd5-89b5-4ceb-834a-537209bf50d3;canones-2023;Cânones da Igreja Metodista 2023;1;A;identidade;metodista;Constituição — Missão e Governo da Igreja Metodista;A missão da Igreja Metodista é participar da ação restauradora de Deus em Cristo Jesus. A Igreja Metodista tem governo episcopal e caráter conexional. Sua administração se realiza através de concílios: Local, Distrital, Regional e Geral. O Concílio Geral é o órgão legislativo e deliberativo supremo. Restrições: o Concílio Geral não pode rejeitar o Credo Apostólico, os 25 Artigos de Religião, nem contrariar as Regras Gerais de Wesley. As ordens na Igreja Metodista são duas: presbiteral e diaconal, sem distinção de sexo.;;27;2023;"{""ingested_at"":""2026-04-09T18:41:12.488Z"",""source"":""rag-2-optimized""}";2026-04-09 18:41:12.600194+00;'25':65B 'administr':33B 'apostól':63B 'artig':66B 'através':36B 'açã':16B 'carát':30B 'concíli':38B,45B,56B 'conexional':31B 'constituiçã':1A 'contrari':70B 'cred':62B 'crist':21B 'deliber':52B 'deus':19B 'diaconal':85B 'distinçã':87B 'distrital':40B 'duas':82B 'episcopal':28B 'ger':73B 'geral':43B,46B,57B 'govern':4A,27B 'igrej':6A,11B,24B,79B 'jesus':22B 'legisl':50B 'local':39B 'metod':7A,12B,25B,80B 'missã':2A,9B 'ordens':77B 'particip':14B 'pod':59B 'presbiteral':83B 'realiz':35B 'regional':41B 'regr':72B 'rejeit':60B 'religiã':68B 'restaur':17B 'restriçõ':54B 'sex':89B 'suprem':53B 'wesley':75B 'é':13B,47B 'órgã':49B
430b82b7-9b25-4951-8cb8-369224a9a657;wesleyan-synthesis;Síntese Teológica Wesleyana;1;A;doutrina;metodista;Quadrilátero Wesleyano;"Método teológico que usa quatro fontes: Escritura (normativa e primária), Tradição, Razão e Experiência. A Escritura é a autoridade máxima; as outras três são lentes interpretativas. O Quadrilátero não é relativismo — a Bíblia permanece como norma final.";;33;;"{""ingested_at"":""2026-04-09T18:41:13.543Z"",""source"":""rag-2-optimized""}";2026-04-09 18:41:13.638822+00;'autor':21B 'bíbl':35B 'escritur':9B,18B 'experient':16B 'final':39B 'font':8B 'interpret':28B 'lent':27B 'máxim':22B 'métod':3B 'norm':38B 'normat':10B 'outr':24B 'permanec':36B 'primár':12B 'quadriláter':1A,30B 'quatr':7B 'razã':14B 'relativ':33B 'teológ':4B 'tradiçã':13B 'três':25B 'usa':6B 'wesleyan':2A 'é':19B,32B
4a7cd0aa-f2f1-4966-8f58-fe231d0eaf6f;manual-disciplina;Manual de Disciplina Eclesiástica;1;A;disciplina;metodista;Disciplina Eclesiástica — Fundamentos;Disciplina é expressão de amor, não punição (Hb 12:10b). Objetivo: restauração, não expulsão. Processo: conciliação → audiência → decisão. Modelo: Jesus em Mateus 18:15-17. Fundamentada nas Regras Gerais de Wesley. A disciplina metodista busca recuperar e restaurar, não condenar. O Manual de Disciplina é documento oficial do Colégio Episcopal.;;39;;"{""ingested_at"":""2026-04-09T18:41:14.500Z"",""source"":""rag-2-optimized""}";2026-04-09 18:41:14.578683+00;'-17':28B '10b':13B '12':12B '15':27B '18':26B 'amor':8B 'audiênc':20B 'busc':38B 'colégi':52B 'concili':19B 'conden':43B 'decisã':21B 'disciplin':1A,4B,36B,47B 'document':49B 'eclesiást':2A 'episcopal':53B 'expressã':6B 'expulsã':17B 'fundament':3A,29B 'ger':32B 'hb':11B 'jesus':23B 'manual':45B 'mateus':25B 'metod':37B 'model':22B 'objet':14B 'oficial':50B 'process':18B 'puniçã':10B 'recuper':39B 'regr':31B 'restaur':15B,41B 'wesley':34B 'é':5B,48B
a7278552-6a68-4cc8-9d33-386ef5617034;teologia-wesleyana;Teologia Wesleyana — Posições Distintivas;2;A;doutrina;metodista;Wesley vs Armínio Clássico;"Wesley vai além de Armínio clássico: ênfase na santificação, perfeição cristã, santidade social e experiência religiosa. Distinguir sempre. Wesley não é simplesmente ""arminiano"" — ele desenvolveu uma teologia própria que integra experiência, santificação e missão social de maneiras que Armínio não elaborou.";;45;;"{""ingested_at"":""2026-04-09T18:41:15.470Z"",""source"":""rag-2-optimized""}";2026-04-09 18:41:15.564957+00;'além':7B 'arminian':27B 'armíni':3A,9B,43B 'clássic':4A,10B 'cristã':15B 'desenvolv':29B 'distingu':21B 'elabor':45B 'experient':19B,35B 'integr':34B 'maneir':41B 'missã':38B 'perfeiçã':14B 'própr':32B 'religi':20B 'santidad':16B 'santific':13B,36B 'sempr':22B 'simples':26B 'social':17B,39B 'teolog':31B 'vai':6B 'vs':2A 'wesley':1A,5B,23B 'é':25B 'ênfas':11B
b2c681f9-3df8-48d7-b985-7f30d0b56e76;canones-2023;Cânones da Igreja Metodista 2023;1;A;sacramento;metodista;Art. 17 — Do Batismo;O batismo não é somente um sinal de profissão de fé e marca de diferenciação que distingue as pessoas cristãs das que não são batizadas, mas é também um sinal de regeneração ou de novo nascimento. O batismo de crianças deve ser conservado na Igreja.;;16;2023;"{""ingested_at"":""2026-04-09T18:41:10.655Z"",""source"":""rag-2-optimized""}";2026-04-09 18:41:10.739283+00;'17':2A 'art':1A 'batism':4A,6B,42B 'batiz':29B 'conserv':47B 'crianc':44B 'cristãs':24B 'dev':45B 'diferenc':19B 'disting':21B 'fé':15B 'igrej':49B 'marc':17B 'nasciment':40B 'nov':39B 'pesso':23B 'profissã':13B 'regener':36B 'ser':46B 'sinal':11B,34B 'soment':9B 'é':8B,31B
942aa3d7-e2ee-4052-996c-8c96cc7d6be8;canones-2023;Cânones da Igreja Metodista 2023;1;A;etica;metodista;Cap. II — Dos Costumes (Regras Gerais de Wesley);"Como fez John Wesley, a Igreja Metodista conserva os mesmos princípios: 1. Não praticar o mal. 2. Zelosamente, praticar o bem. 3. Atender às ordenanças de Deus. As pessoas metodistas são: moderadas nos divertimentos; modestas no trajar; abstêmias do álcool; empenhadas no combate aos vícios; observadoras do Dia do Senhor; observadoras dos preceitos da Igreja e dos meios de graça (Ceia do Senhor); praticantes do jejum e da oração; honestas nos negócios; fraternais nas relações; tolerantes e respeitadoras de ideias alheias; praticantes de boas obras; benfeitoras das pessoas necessitadas; defensoras das pessoas oprimidas; promotoras da instrução secular e religiosa; operosas na obra de evangelização.";;22;2023;"{""ingested_at"":""2026-04-09T18:41:11.685Z"",""source"":""rag-2-optimized""}";2026-04-09 18:41:11.783546+00;'1':20B '2':25B '3':30B 'abstêm':46B 'alhe':89B 'atend':31B 'bem':29B 'benfeitor':94B 'boas':92B 'cap':1A 'cei':69B 'combat':51B 'conserv':16B 'costum':4A 'defensor':98B 'deus':35B 'dia':56B 'divert':42B 'empenh':49B 'evangeliz':112B 'fez':10B 'fratern':81B 'ger':6A 'grac':68B 'honest':78B 'ide':88B 'igrej':14B,63B 'ii':2A 'instruçã':104B 'jejum':74B 'john':11B 'mal':24B 'mei':66B 'mesm':18B 'metod':15B,38B 'moder':40B 'modest':43B 'necessit':97B 'negóci':80B 'obra':110B 'obras':93B 'observ':54B,59B 'oper':108B 'oprim':101B 'oraçã':77B 'ordenanc':33B 'pesso':37B,96B,100B 'pratic':22B,27B,72B,90B 'preceit':61B 'princípi':19B 'promotor':102B 'regr':5A 'relaçõ':83B 'religi':107B 'respeit':86B 'secul':105B 'senhor':58B,71B 'toler':84B 'traj':45B 'víci':53B 'wesley':8A,12B 'zelos':26B 'álcool':48B
3977dc2f-cc1e-4525-ad86-a13dfbf7f70e;canones-2023;Cânones da Igreja Metodista 2023;1;A;doutrina;metodista;Art. 2° — Tradição Doutrinária Metodista;Doutrinas e costumes são os princípios e normas pelos quais a Igreja Metodista se orienta, fundamentados nas Sagradas Escrituras do Antigo e do Novo Testamento, única regra de fé e prática dos cristãos. A tradição doutrinária metodista orienta-se pelo Credo Apostólico, pelos Vinte e Cinco Artigos de Religião do Metodismo Histórico e pelos Sermões de John Wesley e suas Notas sobre o Novo Testamento.;;28;2023;"{""ingested_at"":""2026-04-09T18:41:12.687Z"",""source"":""rag-2-optimized""}";2026-04-09 18:41:12.783222+00;'2':2A 'antig':26B 'apostól':48B 'art':1A 'artig':53B 'cinc':52B 'costum':8B 'cred':47B 'cristã':38B 'doutrin':6B 'doutrinár':4A,41B 'escritur':24B 'fundament':21B 'fé':34B 'histór':58B 'igrej':17B 'john':63B 'metod':5A,18B,42B,57B 'norm':13B 'not':67B 'nov':29B,70B 'orient':20B,44B 'orienta-s':43B 'princípi':11B 'prátic':36B 'qua':15B 'regr':32B 'religiã':55B 'sagr':23B 'sermõ':61B 'sobr':68B 'testament':30B,71B 'tradiçã':3A,40B 'vint':50B 'wesley':64B 'únic':31B
7e3ae9d2-056e-400b-8947-e163c36ff200;wesleyan-synthesis;Síntese Teológica Wesleyana;1;A;doutrina;metodista;Meios de Graça;Os meios de graça são canais pelos quais Deus comunica Sua graça: oração, leitura e estudo das Escrituras, Santa Ceia, jejum, comunhão cristã fraterna. Wesley recomendava uso disciplinado e frequente dos meios de graça. A Santa Ceia é meio de graça, não apenas memorial.;;34;;"{""ingested_at"":""2026-04-09T18:41:13.698Z"",""source"":""rag-2-optimized""}";2026-04-09 18:41:13.777885+00;'apen':46B 'can':9B 'cei':23B,40B 'comun':13B 'comunhã':25B 'cristã':26B 'deus':12B 'disciplin':31B 'escritur':21B 'estud':19B 'fratern':27B 'frequent':33B 'grac':3A,7B,15B,37B,44B 'jejum':24B 'leitur':17B 'mei':1A,5B,35B,42B 'memorial':47B 'oraçã':16B 'qua':11B 'recomend':29B 'sant':22B,39B 'uso':30B 'wesley':28B 'é':41B
d7417089-6dab-41c9-946f-d843ce499b8f;marcas-identidade;As Marcas Básicas da Identidade Metodista (2005);2;A;identidade;metodista;Marcas da Identidade Metodista;Quadrilátero Wesleyano como método teológico. Ênfase na experiência pessoal com Deus (coração aquecido). Ação missionária como identidade essencial. Ministério pertence a toda a igreja, não apenas ao clero (Dons e Ministérios, 1988). Governo episcopal-conexional. Credo Social: posições sobre justiça social, econômica e política como expressão da fé. Documento do Colégio Episcopal, 3ª edição, 2005.;;40;2005;"{""ingested_at"":""2026-04-09T18:41:14.662Z"",""source"":""rag-2-optimized""}";2026-04-09 18:41:14.743073+00;'1988':36B '2005':60B '3ª':58B 'apen':30B 'aquec':17B 'açã':18B 'cler':32B 'colégi':56B 'conexional':40B 'coraçã':16B 'cred':41B 'deus':15B 'document':54B 'dons':33B 'econôm':47B 'ediçã':59B 'episcopal':39B,57B 'episcopal-conexional':38B 'essencial':22B 'experient':12B 'expressã':51B 'fé':53B 'govern':37B 'ident':3A,21B 'igrej':28B 'justic':45B 'marc':1A 'metod':4A 'ministéri':23B,35B 'missionár':19B 'métod':8B 'pertenc':24B 'pessoal':13B 'polít':49B 'posiçõ':43B 'quadriláter':5B 'sobr':44B 'social':42B,46B 'teológ':9B 'tod':26B 'wesleyan':6B 'ênfas':10B
07816919-d494-4af4-aec8-5e285be9d4e2;teologia-wesleyana;Teologia Wesleyana — Posições Distintivas;2;A;doutrina;metodista;Salvação e Liberdade Humana — Síntese Wesleyana;"Livre-arbítrio (Art. 8): O ser humano pode responder à graça. A vontade humana, embora afetada pelo pecado, é capacitada pela graça preveniente. Posição arminiana — rejeita a predestinação incondicional calvinista. Justificação pela fé (Art. 9): Pela graça, por meio da fé, não por obras. Boas obras (Art. 10): Fruto da fé, não causa da salvação. Pecado após justificação (Art. 12): É possível pecar após a conversão — rejeita ""uma vez salvo, sempre salvo."" Pecado original (Art. 7): Tendência ao mal presente em todos, mas a graça preveniente capacita resposta — difere da ""depravação total"" calvinista.";;46;;"{""ingested_at"":""2026-04-09T18:41:15.635Z"",""source"":""rag-2-optimized""}";2026-04-09 18:41:15.722617+00;'10':55B '12':67B '7':83B '8':11B '9':42B 'afet':23B 'após':64B,71B 'arbítri':9B 'arminian':32B 'art':10B,41B,54B,66B,82B 'boas':52B 'calvin':37B,100B 'capacit':27B,94B 'caus':60B 'conversã':73B 'deprav':98B 'difer':96B 'embor':22B 'frut':56B 'fé':40B,48B,58B 'grac':18B,29B,44B,92B 'human':4A,14B,21B 'incondicional':36B 'justific':38B,65B 'liberdad':3A 'livr':8B 'livre-arbítri':7B 'mal':86B 'mei':46B 'obras':51B,53B 'original':81B 'pec':25B,63B,70B,80B 'pod':15B 'posiçã':31B 'possível':69B 'predestin':35B 'present':87B 'prevenient':30B,93B 'rejeit':33B,74B 'respond':16B 'respost':95B 'salv':77B,79B 'salvaçã':1A,62B 'sempr':78B 'ser':13B 'síntes':5A 'tendênc':84B 'tod':89B 'total':99B 'vez':76B 'vontad':20B 'wesleyan':6A 'é':26B,68B
dc83fb9d-5e23-4381-aa42-40b284817b70;canones-2023;Cânones da Igreja Metodista 2023;1;A;sacramento;metodista;Art. 18 — Da Ceia do Senhor;A Ceia do Senhor não é somente um sinal do amor que as pessoas cristãs devem ter umas para com as outras, mas, antes, é um sacramento da nossa redenção pela morte de Cristo. A transubstanciação ou mudança de substância do pão e do vinho na Ceia do Senhor não se pode provar pelas Santas Escrituras e é contrária às suas terminantes palavras. O corpo de Cristo é dado, recebido e comido na Ceia somente de modo espiritual. O meio pelo qual é recebido e comido o corpo de Cristo, na Ceia, é a fé. Na perspectiva metodista: presença espiritual real — nem transubstanciação (católica) nem mero memorial (zwingliana). Mesa aberta: todos os cristãos batizados são bem-vindos.;;17;2023;"{""ingested_at"":""2026-04-09T18:41:10.804Z"",""source"":""rag-2-optimized""}";2026-04-09 18:41:10.889583+00;'18':2A 'abert':116B 'amor':17B 'antes':30B 'art':1A 'batiz':120B 'bem':123B 'bem-vind':122B 'catól':110B 'cei':4A,8B,53B,80B,98B 'com':78B,92B 'contrár':65B 'corp':71B,94B 'crist':40B,73B,96B 'cristã':119B 'cristãs':21B 'dad':75B 'dev':22B 'escritur':62B 'espiritual':84B,106B 'fé':101B 'mei':86B 'memorial':113B 'mer':112B 'mes':115B 'metod':104B 'mod':83B 'mort':38B 'mudanc':44B 'outr':28B 'palavr':69B 'perspect':103B 'pesso':20B 'pod':58B 'presenc':105B 'prov':59B 'pã':48B 'real':107B 'receb':76B,90B 'redençã':36B 'sacrament':33B 'sant':61B 'senhor':6A,10B,55B 'sinal':15B 'soment':13B,81B 'substânc':46B 'ter':23B 'termin':68B 'tod':117B 'transubstanc':42B,109B 'umas':24B 'vind':124B 'vinh':51B 'zwinglian':114B 'é':12B,31B,64B,74B,89B,99B
be4d99e0-7df5-44cc-bd42-742d546af44a;canones-2023;Cânones da Igreja Metodista 2023;1;A;social;metodista;Cap. III — Credo Social: Nossa Herança;"A Igreja Metodista afirma sua responsabilidade cristã pelo bem-estar integral do ser humano como decorrência de sua fidelidade à Palavra de Deus. Essa consciência de responsabilidade social constitui parte da preciosa herança confiada ao povo metodista pelo testemunho histórico de John Wesley. ""Vamos unir ciência e piedade vital há tanto tempo separadas"" (Wesley, séc. XVIII).";;23;2023;"{""ingested_at"":""2026-04-09T18:41:11.849Z"",""source"":""rag-2-optimized""}";2026-04-09 18:41:11.932097+00;'afirm':10B 'bem':16B 'bem-est':15B 'cap':1A 'ciênc':53B 'confi':41B 'consciênc':32B 'constitu':36B 'cred':3A 'cristã':13B 'decorrent':23B 'deus':30B 'estar':17B 'fidel':26B 'heranc':6A,40B 'histór':47B 'human':21B 'igrej':8B 'iii':2A 'integral':18B 'john':49B 'metod':9B,44B 'palavr':28B 'part':37B 'piedad':55B 'pov':43B 'precios':39B 'respons':12B,34B 'separ':60B 'ser':20B 'social':4A,35B 'séc':62B 'tant':58B 'temp':59B 'testemunh':46B 'unir':52B 'vam':51B 'vital':56B 'wesley':50B,61B 'xvii':63B
bd0b9dda-ab10-4910-bb66-c9fbf9bf5340;wesleyan-synthesis;Síntese Teológica Wesleyana;1;A;doutrina;metodista;Graça Preveniente;A graça de Deus age antes da consciência humana, preparando o coração para responder ao evangelho. Toda pessoa já é alcançada por essa graça. É a base da posição arminiana sobre livre-arbítrio. A graça preveniente capacita a resposta humana — não é mérito, mas habilitação divina.;;29;;"{""ingested_at"":""2026-04-09T18:41:12.864Z"",""source"":""rag-2-optimized""}";2026-04-09 18:41:12.949358+00;'age':7B 'alcanc':23B 'antes':8B 'arbítri':36B 'arminian':32B 'bas':29B 'capacit':40B 'consciênc':10B 'coraçã':14B 'deus':6B 'divin':49B 'evangelh':18B 'grac':1A,4B,26B,38B 'habilit':48B 'human':11B,43B 'livr':35B 'livre-arbítri':34B 'mérit':46B 'pesso':20B 'posiçã':31B 'prepar':12B 'prevenient':2A,39B 'respond':16B 'respost':42B 'sobr':33B 'tod':19B 'é':22B,27B,45B
75e7ce64-a2d7-453c-b7c0-dc1b82a7d087;wesleyan-synthesis;Síntese Teológica Wesleyana;1;A;doutrina;metodista;Missão Integral;Evangelização + transformação social, não uma ou outra. A igreja existe para proclamar e viver o Reino de Deus. A missão integral é marca essencial da identidade metodista-wesleyana. Não há separação entre piedade pessoal e justiça social.;;35;;"{""ingested_at"":""2026-04-09T18:41:13.858Z"",""source"":""rag-2-optimized""}";2026-04-09 18:41:13.947522+00;'deus':20B 'essencial':26B 'evangeliz':3B 'exist':12B 'ident':28B 'igrej':11B 'integral':2A,23B 'justic':39B 'marc':25B 'metod':30B 'metodista-wesleyan':29B 'missã':1A,22B 'outr':9B 'pessoal':37B 'piedad':36B 'proclam':14B 'rein':18B 'separ':34B 'social':5B,40B 'transform':4B 'viv':16B 'wesleyan':31B 'é':24B
3ca141ce-7e22-4dad-97f6-5eb02b79c59e;ritual-1990;Ritual da Igreja Metodista (1990);2;A;liturgia;metodista;Ritual da Igreja Metodista — Referência Litúrgica;O Ritual da Igreja Metodista (1990) é a referência litúrgica oficial para: culto dominical, batismo (adultos e crianças), Santa Ceia, recepção de membros, matrimônio, funeral (adulto e criança), dedicação de templo, ordenação presbiteral, consagração episcopal, consagração pastoral, consagração diaconal. Inclui o Credo Niceno e o Credo Coreano Metodista. Documento do Colégio Episcopal.;;41;1990;"{""ingested_at"":""2026-04-09T18:41:14.822Z"",""source"":""rag-2-optimized""}";2026-04-09 18:41:14.898809+00;'1990':12B 'adult':22B,32B 'batism':21B 'cei':26B 'colégi':57B 'consagr':40B,42B,44B 'corean':53B 'cred':48B,52B 'crianc':24B,34B 'cult':19B 'dedic':35B 'diaconal':45B 'document':55B 'dominical':20B 'episcopal':41B,58B 'funeral':31B 'igrej':3A,10B 'inclu':46B 'litúrg':6A,16B 'matrimôni':30B 'membr':29B 'metod':4A,11B,54B 'nicen':49B 'oficial':17B 'orden':38B 'pastoral':43B 'presbiteral':39B 'recepçã':27B 'referent':5A,15B 'ritual':1A,8B 'sant':25B 'templ':37B 'é':13B
918a073c-a193-446a-823c-6c59d8f0b29a;dons-ministerios;Dons e Ministérios (1988);3;A;eclesiologia;metodista;Dons e Ministérios — Visão Metodista;Ministério pertence a TODA a igreja, não apenas ao clero. Fundamentação bíblica para dons espirituais. Orientação prática para implementar equipes de ministério. Todo membro é ministro. Os dons do Espírito são para edificação do corpo e missão, não para exibição individual. Documento do Colégio Episcopal, 1988.;;47;1988;"{""ingested_at"":""2026-04-09T18:41:15.821Z"",""source"":""rag-2-optimized""}";2026-04-09 18:41:15.90979+00;'1988':51B 'apen':13B 'bíblic':17B 'cler':15B 'colégi':49B 'corp':40B 'document':47B 'dons':1A,19B,33B 'edific':38B 'episcopal':50B 'equip':25B 'espiritu':20B 'espírit':35B 'exibiçã':45B 'fundament':16B 'igrej':11B 'implement':24B 'individual':46B 'membr':29B 'metod':5A 'ministr':31B 'ministéri':3A,6B,27B 'missã':42B 'orient':21B 'pertenc':7B 'prátic':22B 'tod':9B,28B 'visã':4A 'é':30B
993d48fc-fbc9-425a-98dd-b94f6553f9cf;calendario-liturgico;Calendário Litúrgico da Igreja Metodista;2;B;liturgia;metodista;Ano Litúrgico — Ciclos, Estações e Cores;O ano litúrgico metodista segue dois ciclos: Ciclo do Natal (Advento em roxo, Natal em branco, Epifania, Batismo do Senhor) e Ciclo da Páscoa (Quaresma em roxo, Semana Santa, Páscoa em branco, Ascensão, Pentecostes em vermelho, Trindade). Entre os ciclos: Tempo Comum (verde) dividido em duas partes — Anúncio do Reino e Vivência do Reino. O último domingo do ano litúrgico é Cristo Rei (branco). Lecionário trienal: Ano A (Mateus), Ano B (Marcos), Ano C (Lucas). Cada domingo traz 4 leituras: AT, Salmo, Epístola e Evangelho. Datas institucionais metodistas: Confederação de Mulheres (março), Mês da Juventude (março), Mês do Discipulado (junho), mudanças pastorais (janeiro).;;0;2023;{};2026-04-09 18:52:38.277954+00;'4':85B 'advent':17B 'ano':1A,8B,65B,73B,76B,79B 'anúnci':54B 'ascensã':39B 'at':87B 'b':77B 'batism':24B 'branc':22B,38B,70B 'c':80B 'cad':82B 'cicl':3A,13B,14B,28B,46B 'comum':48B 'confeder':95B 'cor':6A 'crist':68B 'dat':92B 'discipul':105B 'divid':50B 'dois':12B 'doming':63B,83B 'duas':52B 'epifan':23B 'epístol':89B 'estaçõ':4A 'evangelh':91B 'institucion':93B 'janeir':109B 'junh':106B 'juventud':101B 'lecionári':71B 'leitur':86B 'litúrg':2A,9B,66B 'luc':81B 'marc':78B,98B,102B 'mateus':75B 'metod':10B,94B 'mudanc':107B 'mulh':97B 'mês':99B,103B 'natal':16B,20B 'part':53B 'pastor':108B 'pentecost':40B 'pásco':30B,36B 'quaresm':31B 'rei':69B 'rein':56B,60B 'rox':19B,33B 'salm':88B 'sant':35B 'seg':11B 'seman':34B 'senhor':26B 'temp':47B 'traz':84B 'trienal':72B 'trindad':43B 'verd':49B 'vermelh':42B 'vivênc':58B 'é':67B 'últim':62B
b92c3a7c-04cf-474a-88af-c78b74c7a60c;quadrilatero-wesleyano;Síntese Teológica Wesleyana;1;A;doutrina;metodista;Quadrilátero Wesleyano — Método Teológico;"O Quadrilátero Wesleyano é o método teológico distintivo do metodismo, usando quatro fontes: (1) Escritura — normativa e primária, autoridade máxima; (2) Tradição — herança da igreja ao longo dos séculos; (3) Razão — capacidade humana de reflexão crítica; (4) Experiência — vivência pessoal com Deus (""coração aquecido""). A Escritura é a autoridade suprema; Tradição, Razão e Experiência são lentes interpretativas complementares. Este método permite diálogo teológico aberto sem abandonar a centralidade bíblica.";;0;2023;{};2026-04-09 18:52:38.277954+00;'1':18B '2':25B '3':34B '4':41B 'abandon':70B 'abert':68B 'aquec':48B 'autor':23B,53B 'bíblic':73B 'capac':36B 'central':72B 'complement':62B 'coraçã':47B 'crític':40B 'deus':46B 'distint':12B 'diálog':66B 'escritur':19B,50B 'experient':42B,58B 'font':17B 'heranc':27B 'human':37B 'igrej':29B 'interpret':61B 'lent':60B 'long':31B 'metod':14B 'máxim':24B 'métod':3A,10B,64B 'normat':20B 'permit':65B 'pessoal':44B 'primár':22B 'quadriláter':1A,6B 'quatr':16B 'razã':35B,56B 'reflexã':39B 'suprem':54B 'sécul':33B 'teológ':4A,11B,67B 'tradiçã':26B,55B 'usand':15B 'vivênc':43B 'wesleyan':2A,7B 'é':8B,51B
d16c747f-f3d6-4dd0-a171-eca8f53ffb6f;marcas-basicas;As Marcas Básicas da Identidade Metodista (2005);3;C;identidade;metodista;Identidade Metodista — Marcas Fundamentais;"As Marcas Básicas da Identidade Metodista (Colégio Episcopal, 2005): (1) Quadrilátero Wesleyano como método teológico. (2) Ênfase na experiência pessoal com Deus — o ""coração estranhamente aquecido"" de Wesley. (3) Ação missionária como identidade essencial — a missão não é um programa, mas a razão de ser da igreja. (4) Ministério pertence a toda a igreja, não apenas ao clero (Dons e Ministérios, 1988). (5) Governo episcopal-conexional — bispos em colegialidade, igrejas em rede conexional. O Credo Social expressa posições sobre justiça social, econômica e política como dimensão da fé.";;0;2005;{};2026-04-09 18:52:38.277954+00;'1':14B '1988':66B '2':20B '2005':13B '3':33B '4':52B '5':67B 'apen':60B 'aquec':30B 'açã':34B 'bisp':72B 'básic':7B 'cler':62B 'colegial':74B 'colégi':11B 'conexional':71B,78B 'coraçã':28B 'cred':80B 'deus':26B 'dimensã':91B 'dons':63B 'econôm':87B 'episcopal':12B,70B 'episcopal-conexional':69B 'essencial':38B 'estranh':29B 'experient':23B 'express':82B 'fundament':4A 'fé':93B 'govern':68B 'ident':1A,9B,37B 'igrej':51B,58B,75B 'justic':85B 'marc':3A,6B 'metod':2A,10B 'ministéri':53B,65B 'missionár':35B 'missã':40B 'métod':18B 'pertenc':54B 'pessoal':24B 'polít':89B 'posiçõ':83B 'program':44B 'quadriláter':15B 'razã':47B 'red':77B 'ser':49B 'sobr':84B 'social':81B,86B 'teológ':19B 'tod':56B 'wesley':32B 'wesleyan':16B 'é':42B 'ênfas':21B
9e86a0d3-737f-4374-afe9-acb328ff726e;artigos-religiao-resumo;Cânones da Igreja Metodista 2023;1;A;doutrina;metodista;Artigos de Religião — Resumo Completo (Art. 1-25);"Os 25 Artigos de Religião da Igreja Metodista: Art. 1-4: Trindade, Cristo verdadeiro Deus e homem, Ressurreição, Espírito Santo. Art. 5-6: Escritura suficiente para salvação; AT não contrário ao NT. Art. 7: Pecado original. Art. 8: Livre-arbítrio. Art. 9-10: Justificação pela fé; boas obras como fruto. Art. 11: Obras de supererogação rejeitadas. Art. 12: Pecado pós-justificação possível. Art. 13: Igreja como comunidade dos fiéis. Art. 14: Purgatório rejeitado. Art. 15: Línguas requerem interpretação. Art. 16-19: Dois sacramentos; batismo infantil; presença espiritual na Ceia; ambos elementos para todos. Art. 20: Sacrifício de Cristo único. Art. 21: Ministros podem casar. Art. 22: Ritos podem variar culturalmente. Art. 23: Deveres civis. Art. 24: Propriedade em confiança. Art. 25: Juramentos permitidos.";;0;2023;{};2026-04-09 18:52:38.277954+00;'-10':52B '-19':91B '-25':8A '-4':19B '-6':31B '1':7A,18B '11':61B '12':67B '13':74B '14':81B '15':85B '16':90B '20':105B '21':111B '22':116B '23':122B '24':126B '25':10B,131B '5':30B '7':42B '8':46B '9':51B 'ambos':100B 'arbítri':49B 'art':6A,17B,29B,41B,45B,50B,60B,66B,73B,80B,84B,89B,104B,110B,115B,121B,125B,130B 'artig':1A,11B 'at':36B 'batism':94B 'boas':56B 'cas':114B 'cei':99B 'civ':124B 'complet':5A 'comun':77B 'confianc':129B 'contrári':38B 'crist':21B,108B 'cultural':120B 'deus':23B 'dev':123B 'dois':92B 'element':101B 'escritur':32B 'espiritual':97B 'espírit':27B 'fié':79B 'frut':59B 'fé':55B 'hom':25B 'igrej':15B,75B 'infantil':95B 'interpret':88B 'jurament':132B 'justific':53B,71B 'livr':48B 'livre-arbítri':47B 'língu':86B 'metod':16B 'ministr':112B 'nt':40B 'obras':57B,62B 'original':44B 'pec':43B,68B 'permit':133B 'pod':113B,118B 'possível':72B 'presenc':96B 'propriedad':127B 'purgatóri':82B 'pós':70B 'pós-justific':69B 'rejeit':65B,83B 'religiã':3A,13B 'requ':87B 'ressurreiçã':26B 'resum':4A 'rit':117B 'sacrament':93B 'sacrifíci':106B 'salvaçã':35B 'sant':28B 'suficient':33B 'supererog':64B 'tod':103B 'trindad':20B 'vari':119B 'verdadeir':22B 'únic':109B
78f7f87b-5126-4f97-a4a7-8cda2d357bc1;ritual-liturgia;Ritual da Igreja Metodista (1990);3;C;liturgia;metodista;Ritual — Culto, Sacramentos e Cerimônias;O Ritual da Igreja Metodista (1990) é a referência oficial para: culto dominical, batismo, Santa Ceia, recepção de membros, casamento cristão, funeral, ordenação de presbíteros e diáconos, consagração episcopal. O culto segue estrutura litúrgica com saudação, hinos, orações, leitura bíblica (lecionário), pregação, oferta e bênção. A Santa Ceia é celebrada com mesa aberta. O batismo pode ser por imersão, aspersão ou derramamento — todas as formas igualmente válidas.;;0;1990;{};2026-04-09 18:52:38.277954+00;'1990':11B 'abert':58B 'aspersã':65B 'batism':19B,60B 'bênçã':50B 'bíblic':45B 'casament':25B 'cei':21B,53B 'celebr':55B 'cerimôn':5A 'consagr':33B 'cristã':26B 'cult':2A,17B,36B 'derram':67B 'diácon':32B 'dominical':18B 'episcopal':34B 'estrutur':38B 'form':70B 'funeral':27B 'hin':42B 'igrej':9B 'igual':71B 'imersã':64B 'lecionári':46B 'leitur':44B 'litúrg':39B 'membr':24B 'mes':57B 'metod':10B 'ofert':48B 'oficial':15B 'oraçõ':43B 'orden':28B 'pod':61B 'pregaçã':47B 'presbíter':30B 'recepçã':22B 'referent':14B 'ritual':1A,7B 'sacrament':3A 'sant':20B,52B 'saudaçã':41B 'seg':37B 'ser':62B 'tod':68B 'vál':72B 'é':12B,54B
5c536b01-40db-45d1-b5b6-9fda543ed24c;comparativa;Referência Comparativa — Arminianismo vs Calvinismo;6;C;comparativa;comparativa;Arminianismo vs Calvinismo — Pontos-chave;"Predestinação: Calvinismo = incondicional (TULIP); Arminianismo/Wesley = condicional, baseada na presciência. Expiação: Calvinismo = limitada; Wesley = ilimitada (Cristo morreu por todos). Graça: Calvinismo = irresistível; Wesley = resistível (livre-arbítrio preservado). Perseverança: Calvinismo = ""uma vez salvo, sempre salvo""; Wesley = é possível cair da graça. Depravação: Calvinismo = total (incapacidade); Wesley = total mas compensada pela graça preveniente. NOTA: Esta comparação é para referência quando solicitada. A posição padrão da plataforma é sempre wesleyana-arminiana.";;48;;"{""ingested_at"":""2026-04-09T18:41:15.970Z"",""source"":""rag-2-optimized""}";2026-04-09 18:41:16.062318+00;'arbítri':32B 'arminian':1A,75B 'arminianismo/wesley':11B 'bas':13B 'cair':44B 'calvin':3A,8B,17B,26B,35B,48B 'chav':6A 'compar':60B 'compens':54B 'condicional':12B 'crist':21B 'deprav':47B 'expiaçã':16B 'grac':25B,46B,56B 'ilimit':20B 'incapac':50B 'incondicional':9B 'irresist':27B 'limit':18B 'livr':31B 'livre-arbítri':30B 'morr':22B 'not':58B 'padrã':68B 'perseveranc':34B 'plataform':70B 'pont':5A 'pontos-chav':4A 'posiçã':67B 'possível':43B 'predestin':7B 'presciênc':15B 'preserv':33B 'prevenient':57B 'referent':63B 'resist':29B 'salv':38B,40B 'sempr':39B,72B 'solicit':65B 'tod':24B 'total':49B,52B 'tulip':10B 'vez':37B 'vs':2A 'wesley':19B,28B,41B,51B 'wesleyan':74B 'wesleyana-arminian':73B 'é':42B,61B,71B
c1f8db04-4e67-4ec4-81d1-fd9055b75aa5;lloyd-jones;Pregação e Pregadores (Lloyd-Jones);6;C;homiletica;comparativa;Lloyd-Jones — Técnica Homilética (Uso Restrito);"Lloyd-Jones, embora de tradição reformada/calvinista, oferece insights práticos sobre a arte da pregação: a primazia da pregação no ministério, a necessidade de preparo espiritual e intelectual, a importância da exposição bíblica, a relação entre pregador e congregação. USAR APENAS para técnica homilética, NUNCA para posições teológicas. Sempre notar: ""autor de tradição reformada"".";;49;;"{""ingested_at"":""2026-04-09T18:41:16.153Z"",""source"":""rag-2-optimized""}";2026-04-09 18:41:16.236464+00;'apen':48B 'arte':20B 'autor':58B 'bíblic':40B 'congreg':46B 'embor':11B 'espiritual':33B 'exposiçã':39B 'homilét':5A,51B 'import':37B 'insights':16B 'intelectual':35B 'jon':3A,10B 'lloyd':2A,9B 'lloyd-jon':1A,8B 'ministéri':28B 'necess':30B 'not':57B 'nunc':52B 'oferec':15B 'posiçõ':54B 'pregador':44B 'pregaçã':22B,26B 'prepar':32B 'primaz':24B 'prátic':17B 'reform':61B 'reformada/calvinista':14B 'relaçã':42B 'restrit':7A 'sempr':56B 'sobr':18B 'teológ':55B 'tradiçã':13B,60B 'técnic':4A,50B 'usar':47B 'uso':6A